title,artist,description
썸 (Feat. 릴보이 Of 긱스),"소유 (SOYOU), 정기고",사랑과 우정 사이에서 헷갈리는 감정을 표현한 곡. 
야생화,박효신,한 겨울의 추억과 잊지 못하는 사랑을 노래하는 곡. 
"눈, 코, 입",태양,이별 후의 아련한 그리움과 아픈 추억을 담은 곡. 
금요일에 만나요 (Feat. 장이정 Of HISTORY),아이유,겨울의 특별한 첫 데이트의 설레는 마음을 상상케하는 곡
한여름밤의 꿀,"San E (산이), 레이나 (Raina)","한여름밤, 달콤한 추억을 불러일으키는 곡."
봄 사랑 벚꽃 말고,"HIGH4 (하이포), 아이유",길었던 겨울을 마무리하며 솔로들의 마음을 위로하는 상쾌한 봄을 맞이하는 곡.
Mr. Chu (On Stage),Apink (에이핑크),사랑에 빠진 소녀가 행복한 설레임을 노래하는 곡.
너의 의미 (Feat. 김창완),아이유,한 마디 한 웃음도 커다란 의미를 지니고 있는 곡.
Something,걸스데이,눈을 피해 거짓말하는 상대와의 아픈 사랑을 다룬 곡.
200%,AKMU (악뮤),한숨 쉬며 사랑 고백을 준비하는 주인공의 마음을 경쾌하고 위트있게 담은 곡. 
그대가 분다,엠씨더맥스 (M.C the MAX),사랑하는 사람을 그리워하는 마음을 겨울 바람 속에서 표현한 감성적인 곡.
사람냄새,"정인, 개리",사람들의 진실된 모습과 사랑에 대한 감정을 솔직하게 담은 곡. 
그 중에 그대를 만나,이선희,운명에 대한 생각과 사랑의 감정을 담은 노래. 
Come Back Home,2NE1,이별 후의 그리움과 소망이 담겨 있는 곡
짧은 치마 (Miniskirt),AOA,당당한 여자의 마음을 표현한 곡
너의 모든 순간,성시경,한눈에 사랑을 알아버린 두 사람의 애틋한 이야기를 아름다운 멜로디에 담은 곡
너를 너를 너를,플라이 투 더 스카이,사랑하는 이를 놓아주기 어려운 마음을 솔직하게 표현한 곡
신촌을 못가,포스트맨 (POSTMEN),옛 사랑의 추억이 살아있는 거리를 돌아볼 수 없어하는 아픔을 솔직하게 표현한 곡.
예뻐졌다 (Feat. 지코 Of Block B),박보람,자신감 넘치는 여성의 변신을 노래한 곡. 
Touch My Body,씨스타,사랑하는 이와 함께한 여름밤을 달콤하게 노래한 노래.
공허해,WINNER,이별 후의 공허함을 몽환적으로 풀어낸 곡. 
노래가 늘었어,에일리(Ailee),이별의 상처와 아픔을 음악으로 치유하며 새로운 희망을 찾아가는 이야기를 담은 노래
너 사용법,에디킴,사랑을 키우는 일상 속 소중한 순간을 담은 달콤한 노래.
안녕,효린,마주치지 못한 사랑에 대한 이별의 아픔을 담은 곡.
감아 (Feat. Crush),로꼬,일상의 지친 여자들에게 안정감과 편안함을 전하는 곡. 
Darling,걸스데이,사랑에 빠진 소재로 달콤한 유혹을 노래하는 곡.
나의 옛날이야기,아이유,짝사랑의 아픔과 기다림을 노래한 감성적인 곡
HER,블락비 (Block B),"그녀'를 아름다운 작품으로 표현하며, 외모 지상주의에 대한 비판적인 시각을 담고 있는 곡"
까탈레나 (Catallena),오렌지 캬라멜,"흥겨운 분위기 속에, 유치하고 까칠하지만 이상한 매력을 가진 캐릭터 '까탈레나'의 이야기를 담은 곡"
단발머리 (Short Hair),AOA,헤어스타일 변화를 통해 자신을 새롭게 태어나게 하는 여성의 이야기를 담은 곡
너를 원해 (Feat. Beenzino),정기고,남자의 강렬한 사랑 고백과 설레임을 표현한 곡.
중독 (Overdose),EXO-K,사랑에 중독된 남자의 치명적인 이야기를 감각적으로 풀어낸 곡.
너를 사랑해,윤미래,사랑을 고백하지 못하는 마음을 표현한 곡.
나 왜이래 (Feat. 강민희 Of 미스에스),San E (산이),사랑의 설레임과 두근거림을 표현한 러브송.
흔한 노래,임창정,헤어진 연인에 대한 그리움과 아픔을 표현한 노래. 
보름달 (Feat. Lena),선미,사랑을 속삭이는 밤을 다룬 곡입니다.
너 아님 안돼,2NE1,이별 후에도 상대를 잊지 못하고 그리워하는 감정이 담긴 곡
Give Love,AKMU (악뮤),상대방에게 사랑을 바라는 마음과 받지 못할 때의 서러움을 솔직하게 표현한 곡.
견딜만해 (Feat. 효린 Of 씨스타),매드클라운,이별을 견뎌내며 사랑에 대한 아픔을 진솔하게 그려낸 곡
애타는 마음,"울랄라세션, 아이유",사랑에 빠진 설레임과 마음의 소란함을 솔직하게 표현한 곡
그런 남자,Bro,여성을 위로하고 지지하는 남자의 존재를 통해 사랑과 지지의 중요성을 강조하는 곡
My Destiny,린,운명적인 사랑을 표현한 감성적인 곡.
오늘부터 1일 (Day 1),케이윌,상대방을 향한 순수한 마음과 사랑이 담긴 곡. 
미운오리새끼,god,한밤중 산책 중 마주친 길 잃은 오리 한 마리를 통해 상처와 이별의 아픔을 표현한 감수성 넘치는 곡. 
이제 그만 싸우자,"허각, 정은지",사랑하는 이의 부재로 인한 갈등과 후회를 솔직하게 그린 곡.
틈,"소유 (SOYOU), 권순일 (어반자카파), 박용인 (어반자카파)",사랑의 설렘과 기대감을 담은 곡.
같은 시간 속의 너,나얼,"서로 멀어지는 두 사람의 이야기를 그리며, 추억을 안고 떠나는 감정을 표현한 곡"
꺼내 먹어요,Zion.T,힘이 들 때 소중한 위로가 되어주는 곡. 
이럴거면 그러지말지 (Feat. Young K),백아연,과거와 현재의 감정이 교차하는 이별의 아픔과 혼란스러운 마음을 담은 곡
위잉위잉,혁오 (HYUKOH),십대의 허무함과 염세적인 감정을 담은 곡.
그냥 (Just),"Zion.T, Crush",상대방의 무심함에도 마음 다치지 않고 지나가려는 마음을 표현한 곡
양화대교,Zion.T,아버지와 아들의 사랑과 행복을 담은 이 노래는 모두에게 위로와 공감을 전하는 곡
우연히 봄,"로꼬, 유주 (YUJU)",사랑이 싹트는 봄의 따뜻한 감성을 노래한 곡. 
또 다시 사랑,임창정,한 사람을 지키고 싶은 마음과 사랑의 복잡한 감정을 솔직하게 표현한 곡.
레옹,"이유 갓지(GOD G) 않은 이유 (박명수, 아이유)",서로에게 이끌리는 감정을 표현한 곡
SHAKE IT,씨스타,몸을 흔들고 춤추게 만드는 감각적인 멜로디를 연출한 곡
와리가리,혁오 (HYUKOH),사람들이 떠나는 관계와 익숙함 속에서 느껴지는 감정을 솔직하게 그린 곡.
심쿵해 (Heart Attack),AOA,첫눈에 반해버린 여자의 솔직한 감정을 재치 있게 표현한 인상적인 곡.
겁 (Feat. 태양),MINO (송민호),겁과 고난에 맞서 성장하는 이야기를 담은 곡
다른 남자 말고 너,미쓰에이,적극적인 여자의 사랑 표현을 담은 곡
두사랑 (Feat. 매드클라운),다비치,한 사람을 사랑하는 것이 아닌 두 사람을 동시에 사랑하는 복잡한 마음을 솔직하게 그려낸 곡. 
마음,아이유,한없이 밝은 불빛처럼 영원히 반짝이는 연약한 존재에 대한 노래.
CALL ME BABY,EXO,사랑하는 사람에게 부르는 강렬한 사랑 고백.
그 남잔 말야,엠씨더맥스 (M.C the MAX),이별 후에도 여전히 사랑하는 마음을 담은 곡.
목소리,노을,헤어진 연인의 목소리를 그리워하는 감정을 담은 곡. 
음오아예 (Um Oh Ah Yeh),마마무 (Mamamoo),사랑에 빠지고 싶은 강한 욕망을 담은 곡. 
사월의 눈,허각,"봄이 와도 아픔은 사라지지 않고, 추억은 더욱 선명해지는데 그리움과 아픔이 어우러진 곡."
어머님이 누구니 (Feat. 제시),박진영,외모에만 집중하는 시선을 당부로 비판하는 곡
Ah Yeah,EXID,사교적인 여성이 적극적이지 못한 남성에게 당당한 반응을 보내는 곡. 
오늘부터 우리는 (Me Gustas Tu),여자친구 (GFRIEND),용기 내어 고백하는 사랑과 설렘을 담은 곡
화 (Feat. 진실 Of Mad Soul Child) (Fire),매드클라운,남녀가 서로를 떠나지 못하면서도 서로를 상처 주고 아픔을 안겨주는 모순적인 사랑의 이야기
I (Feat. 버벌진트),태연 (TAEYEON),당신이 태어난 대로 날아갈 운명임을 알리는 강한 소녀의 이야기
맙소사,"황태지 (황광희, 태양, 지드래곤)",1988년생 동갑내기 친구인 황태지의 우정을 표현한 곡
오빠차,"인크레더블, Tablo, 지누션",자유로운 젊음과 도전의 열망이 담긴 곡. 
Oasis (Feat. ZICO),Crush,매혹적인 여인을 목말라하고 더워하는 기분을 노래한 곡. 
또 운다 또,다비치,결국에는 울음을 멈추고 진심을 전할 수밖에 없는 아픈 이별의 과정을 솔직하게 표현한 곡
LOVE ME RIGHT,EXO,사랑하는 사람과 함께하는 드라이브의 설렘을 담은 밝은 곡이다. 
어깨,"소유 (SOYOU), 권정열","외로움과 힘든 일상에 지쳐할 때, 서로에게 기대고 응원하는 메시지를 전달하는 곡"
LUV,Apink (에이핑크),사랑의 추억을 따라 걸어가는 여운이 있는 곡. 
사랑 범벅 (Feat. 챈슬러 of the channels),MC몽,남자가 한 여자에게 빠져 변화하는 과정을 유쾌하게 풀어낸 곡. 
광화문에서 (At Gwanghwamun),규현 (KYUHYUN),계절의 아름다움과 이별에 대한 감성을 공감할 수 있는 발라드.
CHEER UP,TWICE (트와이스),상대에게 더 나은 나를 보여주고 싶은 마음이 담겨있는 곡
시간을 달려서 (Rough),여자친구 (GFRIEND),서로 다가가지 못하는 사랑의 복잡한 감정을 담은 아련하고 서정적인 곡. 
어디에도,엠씨더맥스 (M.C the MAX),사랑의 아픔과 추억을 잊지 못하는 마음을 표현한 곡. 
널 사랑하지 않아,어반자카파,이별의 아픔을 솔직하게 표현한 발라드. 
이 사랑,다비치,"헤어진 연인에 대한 그리움과 미안한 마음, 사랑과 고마움을 담은 애절한 발라드. "
이 소설의 끝을 다시 써보려 해,한동근,시간을 되돌리고 싶은 사랑의 아픔을 소설적인 상상력으로 풀어낸 감성 발라드.
너는 나 나는 너,지코 (ZICO),서로 사랑에 빠지면 닮아가는 관계를 표현한 곡.
You Are My Everything,거미,"우연으로 시작된 사랑이 마치 신비한 운명처럼 느끼며, 가슴 깊이 남아 누구에게도 설명할 수 없는 특별한 사랑을 담은 곡"
OOH-AHH하게,TWICE (트와이스),사랑에 빠져보고 싶어하는 강렬한 욕망과 자신감이 담긴 곡.
걱정말아요 그대,이적,과거를 되돌아보며 후회 없는 삶을 살아가도록 격려하는 메시지를 전하는 곡
잊어버리지마 (Feat. 태연),Crush,영원히 함께하고 싶은 마음을 솔직하게 전하는 노래.
내가 저지른 사랑,임창정,사랑과 이별의 아픔을 솔직하게 표현한 발라드.
넌 is 뭔들,마마무 (Mamamoo),감탄사를 자아내며 감각적인 매력을 뽐내는 곡
하늘바라기 (Feat. 하림),정은지,아이가 아빠에게 보내는 가족과의 소중한 추억과 사랑의 메시지를 담은 노래.
우주를 줄게,볼빨간사춘기,커피를 마셨을 때의 설렘이 잠겨 있는 이별 곡. 
Boys And Girls (Feat. Babylon),지코 (ZICO),돈에 대해 고민하지 말고 즐기는 즐거움을 주제로 한 곡
ALWAYS,윤미래,사랑의 감정을 담은 발라드. 
Why So Lonely,원더걸스,사랑스럽고 위트 있는 가사로 연인 사이의 시니컬함을 표현한 곡. 
Dream (Prod. by 박근태),"수지 (Suzy), 백현 (BAEKHYUN)",상대방을 향한 설레임과 불안함이 공존하는 이야기.
봄이 좋냐??,10CM,사랑의 달콤함을 비판하며 솔로들을 위한 봄의 아픔을 표현한 곡.
말해! 뭐해?,케이윌,"소용없이 자라나는 마음, 고백을 바라는 간절한 소망을 잘 표현한 곡. "
Everytime,"첸 (CHEN), 펀치 (Punch)",사랑에 빠진 마음을 솔직하게 고백하는 로맨틱한 노래. 
Rain,태연 (TAEYEON),비에 빗대어 아름다웠던 사랑을 회상하는 감성적인 곡. 
너 그리고 나 (NAVILLERA),여자친구 (GFRIEND),앞으로의 새로운 시작과 사랑을 향한 열망을 담은 곡
한숨,이하이,"위로와 이해, 수고에 대한 따뜻한 메시지."
휘파람,BLACKPINK,사랑의 간절함과 자신감이 묻어나는 가사.
소녀,오혁,영원히 함께하고 싶은 마음을 감성적인 가사와 멜로디로 표현한 곡. 
그대라는 사치,한동근,사랑하는 사람과 함께하는 소중함을 감사하고 기도하는 감동적인 노래.
TT,TWICE (트와이스),자기 자신을 받아들이지 못하는 사랑에 빠진 소녀의 복잡한 감정을 표현한 곡
목요일 밤 (Feat. 빈지노),어반자카파,"평범한 목요일 밤, 지친 너를 위로하며 함께 어디든 가고 싶어하는 이들을 위한 위로와 희망이 담긴 곡. "
쏘쏘,백아연,사랑에 대한 갈망과 혼란을 파스텔 톤으로 표현한 곡.
다시 너를,"매드클라운, 김나영",이별한 연인을 그리워하며 마음의 아픔을 토로하는 곡. 
너였다면,정승환,사랑과 미움이 꼬리막혀있는 감정을 표현한 발라드. 
꿈처럼,벤,사랑과 그리움이 어우러진 노래. 
러시안 룰렛 (Russian Roulette),Red Velvet (레드벨벳),사랑에 빠져들수록 더 커지는 마음의 뛰는 소리를 담은 노래
안아줘,정준일,서러운 감정을 표현하며 사랑하는 이에게 지속적인 그리움을 전하는 곡.
I Like That,씨스타,나쁜 남자에 빠져 자신 없는 마음을 표현한 곡.
숨,박효신,각박한 현실에서 꿈을 잊지 않고 살아가는 우리에게 전하는 용기를 주는 곡
스토커,10CM,한쪽으로만 바라보며 안타까운 짝사랑의 감정을 담은 겨울 발라드.
첫눈처럼 너에게 가겠다,에일리(Ailee),한 사람을 향한 운명적인 사랑의 아픔과 감사함을 담은 노래.
좋니,윤종신,상대의 행복을 바라지만 자신만이 지나치게 상처받은 것처럼 느껴져서 더 아픈 감정을 솔직하게 전달하는 곡
좋다고 말해,볼빨간사춘기,"추운 겨울 밤, 가로등 아래서 고백했지만 다음 날 모른 척하는 상대에게 확신을 요구하는 마음을 표현한 곡. "
Marry Me,"마크툽 (MAKTUB), 구윤회",서로에게 필요한 존재가 되겠다는 결혼 약속과 평생을 함께하고 싶다는 마음을 표현한 곡. 
팔레트 (Feat. G-DRAGON),아이유,"자신을 헷갈리지 않고 솔직하게 표현하며, 이제 조금씩 자신을 알아가고 있다는 감정을 전달하는 곡"
Beautiful,Crush,헤어진 연인을 그리워하는 아련한 감정을 담은 곡. 
오늘 취하면 (Feat. 창모) (Prod. SUGA),SURAN (수란),"추억에 헤매며 잊지 못하는 감정을 표현하고, 상대에 대한 애달픈 마음을 담은 곡."
KNOCK KNOCK,TWICE (트와이스),닫혀있는 소녀의 마음의 문을 열어달라는 귀여운 외침을 담은 곡
REALLY REALLY,WINNER,사랑에 빠진 소년이 소녀에게 사랑스러운 진심을 전하는 노래. 
봄날,방탄소년단,"친구와의 멀어진 관계를 그리워하고, 희망을 가져가며 서로를 기다리는 마음을 표현하는 곡"
오랜 날 오랜 밤,AKMU (악뮤),"좋아한다는 이유로 헤어지는 것에 대한 이해와 절망을 담고 있으며, 소중한 추억을 지우기 힘든 마음을 표현하는 곡"
나만 안되는 연애,볼빨간사춘기,상대방의 결정에 대해 받아들이기 힘들고 불공평함을 느끼며 이별에 대한 절망과 아픔이 묘사된 곡
남이 될 수 있을까,"볼빨간사춘기, 스무살",한 마디의 말로 시작된 관계가 어떻게 끝나가는지를 노래하며 이별에 가까워진 남녀의 내적 고통을 담은 곡
사랑이 잘 (With 오혁),아이유,"사랑이 권태기에 놓인 두 사람의 감정이 사라지고 있음을 솔직하게 표현하며, 다시 사랑을 이어 나갈 수 있을지에 대한 고민을 풀어내는 곡"
선물,멜로망스,사랑을 통해 새로운 눈으로 세상을 보게 되어 일상이 특별해지는 마법 같은 순간을 그리는 곡
마지막처럼,BLACKPINK,자존심을 건드리며 마치 마지막 사랑인 것처럼 열정적으로 사랑을 거는 곡.
매일 듣는 노래 (A Daily Song),황치열,매일 듣는 노래 속에 담긴 추억과 이별의 아픔을 노래하는 곡
에라 모르겠다,BIGBANG (빅뱅),"두근거리는 설렘이 가슴을 채우고, 사랑에 대한 혼란스러운 감정을 솔직하게 표현하는 곡"
널 너무 모르고,헤이즈 (Heize),상대방에 대한 부족한 이해와 소홀한 행동으로 상처를 줬음을 깨닫고 후회하는 마음을 담은 곡
불장난,BLACKPINK,"불장난 같은 사랑의 감정을 표현하며, 소녀가 사랑에 미쳐가는 모습을 담는 곡"
빨간 맛 (Red Flavor),Red Velvet (레드벨벳),여름과 사랑을 '빨간' 색과 맛으로 담아내는 시원한 노래
Stay With Me,"찬열 (CHANYEOL), 펀치 (Punch)",눈을 감으면 떠오르는 상대방의 눈동자와 운명적인 사랑에 대한 갈망이 담긴 곡
New Face,싸이 (PSY),새로운 만남의 설레임과 호기심을 풀어낸 곡. 
처음부터 너와 나,볼빨간사춘기,"상처를 주지 않을 것이며, 영원토록 그 사람을 사랑하겠다는 다짐과 후회 없이, 영원토록 사랑한다는 말을 담은 곡"
시차 (We Are) (Feat. 로꼬 & GRAY),우원재,같은 공간에서도 서로 다른 시간을 보내는 경험을 이야기하는 곡
Rookie,Red Velvet (레드벨벳),사랑하는 사람을 '루키'에 비유한 귀엽고 재치 있는 가사가 돋보이는 곡. 
오빠야,신현희와김루트,한 소녀의 오빠에 대한 설레는 마음을 유쾌하고 귀여운 가사로 풀어낸 곡.
Decalcomanie (데칼코마니),마마무 (Mamamoo),사랑하는 사람과의 첫 키스를 통해 연인은 서로 닮아가는 느낌을 '데칼코마니'에 비유한 곡.
부담이 돼 (Feat. 휘인 Of 마마무),정키,한숨 돌려 말하며 이별의 부담을 털어놓는 곡. 
BLUE MOON (Prod. GroovyRoom),"효린, 창모 (CHANGMO)",사랑을 솔직하게 전하는 새로운 방식을 탐구하는 곡
가시나,선미,꽃의 아름다움과 가시의 아픔을 사랑으로 담아낸 노래
I LUV IT,싸이 (PSY),사십 대 나이의 가수가 성공과 비판에 대한 자신감을 발산하는 곡
피 땀 눈물,방탄소년단,소년의 내면 갈등과 성장의 과정을 힘있게 그려내는 곡
썸 탈꺼야,볼빨간사춘기, 상대에게 숨기지 않고 마음을 전하는 사춘기의 소망을 담은 곡
얼굴 찌푸리지 말아요,하이라이트 (HIGHLIGHT),"주인공이 상대방의 우는 모습에 아픔을 느끼지만, 상처를 받지 않길 바라며 위로하는 곡."
I Miss You,소유 (SOYOU),"상대방에 대한 그리움과 마주한 운명을 소심한 눈빛으로 표현하며, 영원히 함께하길 간절히 바라는 마음을 담은 노래"
사랑을 했다 (LOVE SCENARIO),iKON,사랑의 시작과 끝을 인생의 한 장면으로 표현한 곡. 
그날처럼,장덕철,이별의 아픔을 극복하고 행복을 찾는 메시지를 전하는 노래
"모든 날, 모든 순간 (Every day, Every Moment)",폴킴,"사랑하는 이를 지키고 싶어하는 진심 어린 고백과 함께, 미래를 함께할 강한 결의를 담은 곡. "
지나오다,닐로(Nilo),상대방을 그리워하고 되돌리고 싶어하는 마음을 담은 곡
뿜뿜,모모랜드 (MOMOLAND),상대방에게 뿜뿜하는 매력으로 서로를 사로잡아가는 이 기분 좋은 순간을 담은 곡
뚜두뚜두 (DDU-DU DDU-DU),BLACKPINK,흉내낼 수 없는 에너지를 담아 자신감 넘치는 가사가 돋보이는 곡
그때 헤어지면 돼,로이킴,"헤어질 때가 오면, 마주할 우리의 마음을 담은 곡"
여행,볼빨간사춘기,청춘의 빛나는 꿈과 자유를 향한 갈증을 담은 곡. 
별이 빛나는 밤,마마무 (Mamamoo),현실을 부정해도 마음 속에 남은 사랑의 흔적을 표현한 노래
주지마,"로꼬, 화사 (HWASA)",술자리에서의 복잡한 감정을 솔직하게 그려낸 곡. 
Roller Coaster,청하,사랑에 빠져 달콤하고 아찔한 롤러코스터 같은 감정을 표현한 곡.
DNA,방탄소년단,우리 둘의 연결을 태초부터 이어나가며 우연이 아닌 운명을 찾아가는 이야기를 담은 곡
가을 안부,먼데이 키즈 (Monday Kiz),한 사람을 그리워하는 감성적인 가을 노래
FAKE LOVE,방탄소년단,"사랑이 완벽할 것이라고 믿었지만, 모든 것이 거짓으로 비치는 곡."
Dance The Night Away,TWICE (트와이스),"한여름 밤, 바닷가에서의 파티 분위기를 담은 곡. "
꽃 길,BIGBANG (빅뱅),함께한 시간이 소중하고 그리워지면 돌아와 주길 바라는 노래
열애중,벤,. 이별을 했지만 마음속으로는 여전히 상대방과의 사랑을 이어가고 싶어하는 열망을 담은 노래
미안해,양다일,"사랑과 이별의 복잡한 감정을 표현하며, 상대에게 대한 미안함과 감정의 솔직한 변화를 솔직하게 전달하는 노래"
What is Love?,TWICE (트와이스),
그리워하다,비투비,헤어진 연인을 그리워하는 진솔한 감정을 편안한 멜로디와 절제된 사운드로 표현한 곡입니다.
이 별,길구봉구,이별 후 그리움과 아픔을 별을 통해 표현한 감성적인 곡.
Bad Boy,Red Velvet (레드벨벳),서로를 끌리게 하는 나쁜 남자와 도도한 여자의 아슬아슬한 감정을 표현한 곡.
밤이 되니까,펀치 (Punch),술을 마시며 그리움을 달래는 가사와 슬픈 멜로디가 어우러진 곡.
Forever Young,BLACKPINK,젊음을 즐기며 후회 없이 살아가자는 긍정적인 메시지를 담은 곡.
Heart Shaker,TWICE (트와이스),함께 사랑을 이루고 싶은 열정을 담은 곡
밤 (Time for the moon night),여자친구 (GFRIEND),"별빛 아래에서 사랑하는 사람을 그리워하는 밤, 멈출 수 없는 마음의 소망을 담은 소녀의 이야기."
에너제틱 (Energetic),Wanna One (워너원),뜨거운 감정이 넘치는 첫 만남을 표현한 곡.
하루도 그대를 사랑하지 않은 적이 없었다,임창정,사랑과 이별에 대해 쓸쓸한 감정이 묻어나는 곡.
#첫사랑,볼빨간사춘기,어릴 적의 서툴고 순수한 감정을 솔직하게 노래한 곡.
소나기 (Feat. 10cm),용준형,가을 비 속에서 사랑했던 사람의 그리움을 담은 노래.
1도 없어,Apink (에이핑크),거짓말에 지쳐 떠나간 사랑을 향한 솔직한 감정을 담은 곡.
Universe,EXO,사랑의 흔적을 따라 우주를 여행하는 이별의 노래.
너 없인 안 된다,비투비,한 여자를 그리워하고 사랑하는 감정을 부드럽게 전하는 발라드. 
삐삐,아이유,상대방을 통제하거나 감시하지 말고 서로를 존중하며 거리를 유지해야 한다는 메시지를 담은 곡
all of my life,박원,사랑과 꿈을 향한 갈망과 상실의 감정이 얽힌 곡
넋두리,닐로(Nilo),과거의 사랑을 되돌리고 싶어하지만 현실을 받아들이며 아픔을 이겨내는 곡
너나 해 (Egotistic),마마무 (Mamamoo),자신을 먼저 챙기는 이기적인 연인에 대한 분노와 갈등이 담긴 곡
주인공,선미,사랑하는 이와의 관계 속에서 상처 받으면서도 이해하려는 여자의 모습을 섬세하게 그려내는 곡.
사랑에 연습이 있었다면 (Prod. 2soo),임재현,"세월이 흘러도 변하지 않는 감정을 그리며, 과거의 선택에 대한 회한과 현재의 씁쓸함이 어우러진 곡."
그때가 좋았어,케이시 (Kassy),사랑했던 그때를 돌이키지 못하면서도 솔직한 감정을 고백하는 마음을 표현한 노래
작은 것들을 위한 시 (Boy With Luv) (Feat. Halsey),방탄소년단,사소한 순간과 작은 행복으로 채워지는 일상 속에서 진정한 사랑과 힘을 발견하는 곡.
넘쳐흘러,엠씨더맥스 (M.C the MAX),상처가 깊어 치유될 수 없음을 깨닫고 떠나가야 하는 마음을 표현한 곡
너를 만나,폴킴,서로를 이해하고 지지해주는 관계의 소중함을 담은 노래
사계 (Four Seasons),태연 (TAEYEON),"사랑이 식어간 봄날, 서로를 그리워하고 또 떠나야 하는 감정을 노래한 곡."
주저하는 연인들을 위해,잔나비, 우리의 사랑을 영원토록 기억하며 향수에 잠기는 노래
니 소식,송하예,헤어진 연인의 소식을 전해들었을 때 마음 속에 남아 있는 미움과 아픔을 솔직하게 표현한 곡. 
벌써 12시,청하,서로의 마음을 알지만 더는 솔직할 수 없는 상황을 표현한 곡. 
술이 문제야,"장혜진, 윤민수(바이브)",술을 통해 그리움과 사랑을 잔잔하게 표현한 곡.
옥탑방 (Rooftop),엔플라잉 (N.Flying),"함께 밤하늘을 바라보던 연인들의 이별 후의 아련함과 추억을 그리며, 별처럼 빛이 되어주는 상대에 대한 그리움과 감사함을 표현"
달라달라,ITZY (있지),자기 자신을 사랑하고 존중하는 메시지를 담은 곡.
이 노래가 클럽에서 나온다면,우디 (Woody),이젠 끝났다고 해도 아직 그녀에 대한 마음이 남아있음을 느끼게 하는 곡.
포장마차,황인욱,이별 후에 추억이 새록새록 흐르는 곳에서 상대방을 그리워하는 마음을 담은 곡.
"나만, 봄",볼빨간사춘기,사춘기 소녀의 순수한 사랑을 담은 봄날 노래.
사계 (하루살이),엠씨더맥스 (M.C the MAX),계절의 변화와 함께 사라져가는 사랑의 기억 속에서 아픔을 노래
180도,벤,사랑의 시작과 끝을 담은 감정적인 곡. 
너에게 못했던 내 마지막 말은,다비치,사랑했던 연인을 잊으려고 애쓰지만 어쩔 수 없이 그리움에 잠기는 이야기. 
흔들리는 꽃들 속에서 네 샴푸향이 느껴진거야,장범준, 짝사랑에 대한 아련하고 아픈 감정이 담긴 곡
솔직하게 말해서 나,김나영,사랑하는 사람과의 이별에 맞닿은 감정을 솔직하게 그려낸 곡. 
사월이 지나면 우리 헤어져요 (Beautiful goodbye),첸 (CHEN),아름다운 첫 만남을 회상하며 이별을 준비하는 남자의 이야기를 당당한 보컬과 아련한 분위기로 표현.
FANCY,TWICE (트와이스),"고민 없이 사랑을 외치며, 달콤한 초콜릿 같이 녹아드는 기분을 표현한곡"
헤어져줘서 고마워,벤,사랑의 끝을 직시하며 담담하게 이별을 말하는 곡.
사랑이 식었다고 말해도 돼,먼데이 키즈 (Monday Kiz),한 사람만을 사랑하는 남자의 아픈 내면을 솔직하게 풀어낸 곡.
시든 꽃에 물을 주듯,HYNN (박혜원),사랑이 식어간 연인의 마음을 시든 꽃에 비유하여 표현한 곡. 
초록빛,폴킴,과거와 현재를 비교하며 성장하는 모습을 담은 곡
기억해줘요 내 모든 날과 그때를,거미,혼자 남은 기억과 마음의 아픔을 담은 발라드
그대라는 시,태연 (TAEYEON),운명이라고 느끼는 사랑의 감정을 담은 아련하고 감성적인 발라드.
IDOL,방탄소년단,자아를 사랑하고 있는 아티스트의 자아 성찰과 자신감이 넘치는 이야기를 담은 곡
멍청이(twit),화사 (HWASA),사랑 받고 싶지만 함께할 수 없는 상황을 '멍청이'라는 단어로 표현한 곡.
신청곡 (Feat. SUGA of BTS),이소라,"비 내리는 우울한 밤, 고독과 아픔 속에서 위로를 찾는 이들을 위한 노래."
너도 그냥 날 놓아주면 돼,윤건,상처를 괴롭히는 반복과 이별의 아픔을 솔직하게 표현한 곡.
당신과는 천천히,장범준,"퇴근 후의 빠른 집중, 주말의 빠른 종말에 아쉬움을 담은 곡. "
Kill This Love,BLACKPINK,결국엔 사랑을 끝내야 하는 아픈 현실을 담은 곡.
이별하러 가는 길,임한별,이별을 향한 여정을 그리며 미련과 후회를 자아내는 감정을 솔직하게 전달한 곡
SOLO,제니 (JENNIE),독립과 자아를 찾아가는 여성의 이야기를 담은 곡
YES or YES,TWICE (트와이스),자신의 선택을 존중하고 결단력을 갖추는 용기를 주는 곡
Love Shot,EXO,삭막한 세상 속에서 서로의 마음을 외면하고 있는 사랑에 대한 갈증과 아픔이 담긴 곡
Goodbye,박효신,"가을 저녁, 지나간 추억이 스쳐 지나가며 이별을 받아들이는 곡. "
아로하,조정석,어두운 불빛 아래에서의 약속과 영원한 행복을 바라는 사랑스러운 고백을 담은 곡
에잇(Prod.&Feat. SUGA of BTS),아이유,아름다운 기억과 영원한 청춘을 담아 그리움과 소중한 순간을 회상하며 힘을 얻는 이야기
Blueming,아이유,"휴대폰 진동 소리처럼 떨리는 마음을 표현하며, 상대에게 진실된 감정을 전하고자 하는 욕망을 담은 곡"
늦은 밤 너의 집 앞 골목길에서,노을,혼자 남은 추억과 감정 속에서 자신을 위안하려는 노력을 그린 곡
시작,가호 (Gaho),소신과 자유를 위해 달려가는 이들의 이야기를 경쾌한 멜로디로 전달하는 곡
Psycho,Red Velvet (레드벨벳),내용은 서로가 이상하고 별나지만 결국 서로를 이해하고 껴안는 연인들의 이야기를 담고 있는 곡
Dynamite,방탄소년단,전 세계를 향해 활력 넘치는 에너지를 전달하는 힐링송
마음을 드려요,아이유,사랑하는 이에 대한 진심과 감사함이 담겨 있는 곡
처음처럼,엠씨더맥스 (M.C the MAX),사랑을 잊지 못하는 마음이 표현된 곡.
How You Like That,BLACKPINK,강렬한 자신감으로 어둠 속에서 빛을 비추는 곡
살짝 설렜어 (Nonstop),오마이걸 (OH MY GIRL),보드게임을 통해 나타낸 친구 사이의 설레임을 곡
ON,방탄소년단,자아를 찾고 무게중심을 찾아가는 과정을 담은 노래. 
마리아 (Maria),화사 (HWASA),"마음이 지칠 때, 아름다움을 되새기며 다시 일어서는 용기를 주는 메시지를 전달하는 노래"
다시 여기 바닷가,"싹쓰리 (유두래곤, 린다G, 비룡)","바닷가에서의 달콤한 추억을 테마로, 사랑과 감성이 어우러진 곡."
Dolphin,오마이걸 (OH MY GIRL),상대에게 빠져들면 마치 물보라를 일으키는 듯한 마음의 소용돌이를 느끼는 곡. 
그때 그 아인,김필,"하루의 아픔과 슬픔, 희망을 담은 감미로운 팝 발라드."
취기를 빌려 (취향저격 그녀 X 산들),산들,사랑을 고백하는 순수하고 달콤한 곡.
Love poem,아이유,"함께 걷는 것은 아니지만, 끝까지 노래를 부르며 그들을 지켜줄 것을 약속하는 이야기"
HIP,마마무 (Mamamoo),멋은 자신을 사랑하고 아끼며 표현할 때 뿜어져 나오는 것
우리 왜 헤어져야 해,신예영,사랑하는 사람과 헤어지기 싫어하는 복잡한 감정을 솔직하게 표현한 곡.
너를 사랑하고 있어,백현 (BAEKHYUN),사랑하는 이에게 전하는 애틋한 마음을 담은 발라드. 백현의 음색이 어우러진 감성적인 곡.
Black Swan,방탄소년단,음악에 대한 감동을 잃을까 두려워하는 예술가의 솔직하고 성숙한 고백이 담긴 곡
나비와 고양이 (feat.백현 (BAEKHYUN)),볼빨간사춘기,사랑스러운 고양이를 통해 전달되는 달콤하고 순수한 사랑의 이야기.
"다시 난, 여기",백예린 (Yerin Baek),사랑하는 사람과의 이별에도 끝내 서로를 놓지 못하는 마음을 표현한 곡.
눈누난나 (NUNU NANA),제시 (Jessi), 자신을 위한 자유로운 삶을 꿈꾸는 이들에게 용기를 주는 곡
돌덩이,하현우 (국카스텐),자신만의 길을 걸어가며 어떤 어려움도 꺾이지 않는 강인한 결의를 보여주는 곡.
오래된 노래,스탠딩 에그,거리에서 우연히 들리는 노래처럼 우리가 다시 만날 수 있을까 하는 아련한 감정을 담은 곡.
사랑이란 멜로는 없어,전상근,"사랑의 끝을 마주하며 아픔과 이별의 감정을 표현하고, 과거를 회상하며 아픔으로 가득한 감정을 솔직하게 그려냄."
반만,진민호,한 사람을 잊지 못하는 그녀에게 반의 사랑을 부탁하는 곡. 
FIESTA,IZ*ONE (아이즈원),매 순간이 화려하고 특별한 것으로 여기며 지금 이 순간을 축제로 즐기자는 메시지가 담겨 있는 곡
덤더럼 (Dumhdurum),Apink (에이핑크),떠나간 사랑에 대한 무감각한 마음을 '덤더럼'이라는 단어로 표현한 곡.
조금 취했어 (Prod. 2soo),임재현,짝사랑을 향한 마음을 솔직하게 표현한 곡
Celebrity,아이유,특이한 취향과 재능으로 별난 사람 취급을 받는 이들에게 전하는 응원과 사랑의 노래
롤린 (Rollin'),브레이브걸스,사랑에 빠져 숨이 막히는 감정을 담은 곡.
Next Level,aespa,광야로 떠나는 여정과 신호를 따라 파괴하는 강렬한 의지를 담은 곡
라일락,아이유,사랑하는 연인과의 이별을 봄의 설렘 속에서 담은 곡.
밤하늘의 별을(2020),경서,한 사람을 위해 별을 따주고 싶은 순수한 사랑을 노래한 곡.
신호등,이무진,"사회적 압력과 갈등 속에서 성장하는 20대의 이야기를 담아, 사회적 기준과 규칙에 얽매이며 세상에 적응하려는 모습을 담은 곡"
Butter,방탄소년단,부드럽고 섹시한 분위기를 풍기는 곡
내 손을 잡아,아이유,서로를 향한 어리고 설레는 마음을 솔직하게 표현한 노래
밝게 빛나는 별이 되어 비춰줄게,송이한,함께 어려움을 이겨내고 희망을 주는 빛과 사랑에 대한 노래
바라만 본다,MSG워너비(M.O.M),함께하지 못하는 사랑에 대한 그리움과 소망을 담은 곡.
잠이 오질 않네요,장범준,짝사랑의 감정과 밤을 새우며 그리움을 노래하는 곡.
Lovesick Girls,BLACKPINK,끝없이 상처받고 아파하는 '사랑에 빠진 소녀들'의 이야기
운전만해 (We Ride),브레이브걸스,"오랜 연인 사이의 권태와 어색함을 담은 곡으로, 계속되는 침묵과 상대방의 무관심으로 인한 답답함을 솔직하게 표현"
Dun Dun Dance,오마이걸 (OH MY GIRL),함께 춤추고 노는 기분을 전해주는 곡
그날에 나는 맘이 편했을까,이예준,서로의 부족함을 깨닫고 상처를 견딜 때의 갈등과 후회를 담은 곡.
Life Goes On,방탄소년단,언제나 힘든 상황에서도 삶이 계속된다는 희망적인 메시지를 전달
"LOVE DAY (2021) (바른연애 길잡이 X 양요섭, 정은지)","양요섭, 정은지",서로를 더 알고 싶어하는 감정과 솔직한 사랑 고백이 담긴 곡
나랑 같이 걸을래 (바른연애 길잡이 X 적재),적재,부드럽고 애틋한 가사 속에서 순수한 사랑을 전하는 곡.
ASAP,STAYC(스테이씨),이상형을 기다리는 설렘을 경쾌한 사운드로 표현한 곡
Weekend,태연 (TAEYEON),일상을 벗어나고 싶은 욕망과 설레는 감정을 표현한 곡
Permission to Dance,방탄소년단,젊음의 감성과 자유로운 춤으로 마음을 치유하는 곡. 
추억은 만남보다 이별에 남아,정동하, 추억은 만남보다 이별에 남아 여전히 사랑하는 마음을 전하는 곡
낙하 (with 아이유),AKMU (악뮤),내면의 강인함을 유지하며 꿈을 향해 나아가는 결단력을 표현하는 곡
이제 나만 믿어요,임영웅,함께라면 모든 어려움을 이겨낼 수 있다는 희망을 담은 곡.
사실 나는 (Feat.전건호),경서예지,사랑하는 사람에게 아직 말하지 못한 마음을 담은 곡
다정히 내 이름을 부르면,"경서예지, 전건호",사랑하는 이에게 바치는 진심 어린 고백과 행복한 순간을 담은 곡
On The Ground,로제 (ROSÉ),"과거의 허구와 현실, 그 사이에서 내면의 소중함을 발견하는 곡."
힘든 건 사랑이 아니다,임창정,사랑하는 사람을 떠나보내야 하는 아픔을 섬세하게 그려낸 곡
이 밤을 빌려 말해요 (바른연애 길잡이 X 10CM),10CM,"사랑하는 사람을 그리워하는 밤, 함께한 그대와의 소중한 순간을 그리며 잠시나마 그리움을 털어놓는 곡."
LOVE DIVE,IVE (아이브),자기애를 과시하듯 '주체성'이란 메시지를 외치는 곡.
TOMBOY,(여자)아이들,자신을 솔직하게 표현하는 가사와 독특한 매력으로 당당한 애티튜드가 돋보이는 곡
취중고백,김민석,한 순간에 당신을 사랑하게 된 노래.
사랑인가 봐,멜로망스,사랑에 빠져 변화하는 감정을 표현한 러브 송.
사랑은 늘 도망가,임영웅,사랑의 아픔과 그리움을 담은 감성 발라드.
ELEVEN,IVE (아이브),사랑에 빠진 소녀의 다채롭고 환상적인 감정을 표현한 팝 댄스곡.
봄여름가을겨울 (Still Life),BIGBANG (빅뱅),"청춘의 아름다움과 이별, 새로운 시작에 대한 감정이 어우러지는 곡"
INVU,태연 (TAEYEON),사랑에 빠져도 상처받을 걸 알지만 아끼지 않는 마음을 담은 곡.
Feel My Rhythm,Red Velvet (레드벨벳),"자유롭게 춤추며 즐기는 것, 그리고 달빛 아래로 이뤄지는 환상적인 여행을 노래하며 즐기는 곡."
Hype Boy,NewJeans,사랑에 빠져서 미쳐가는 소녀의 이야기를 담은 곡.
Attention,NewJeans,자신의 마음을 솔직하게 표현하고 상대방에게 주목을 받고 싶어하는 강렬한 욕망이 담긴 곡
After LIKE,IVE (아이브),사랑을 향한 솔직하고 당찬 마음을 담은 딥하우스 곡.
나의 X에게,경서,헤어진 연인을 그리워하며 다시 만나고 싶어하는 마음을 솔직하게 표현한 곡.
그때 그 순간 그대로 (그그그),WSG워너비 (가야G),오랜만에 만난 사랑스러운 상대에 대한 그리움과 감사함이 담긴 노래
LOVE me,BE'O (비오),상대방에게서 받는 상처를 알면서도 끊을 수 없는 강렬한 애정과 아픔이 묻어나는 곡.
드라마,아이유,상처를 극복하고 다시 사랑받을 희망을 품는 이의 이야기.
strawberry moon,아이유,사랑에 빠져 일어나는 판타지 같은 순간을 담은 곡. 
내가 아니라도,주호,"상대방을 보내야 하는 아픔과 감사함을 표현하며, 함께한 소중한 순간을 회상하는 곡."
듣고 싶을까,MSG워너비(M.O.M),그리움과 이별을 담은 곡. 함께 듣던 노랠 들으면서 그리움에 잠기는 감정을 표현
보고싶었어,WSG워너비(4FIRE),이별 후 그리운 사람을 그리워하는 마음과 재회를 바라는 감정이 담긴 곡
SMILEY (Feat. BIBI),YENA (최예나),어려운 상황에서도 웃음으로 극복하는 긍정적인 마인드를 담은 곡.
FEARLESS,LE SSERAFIM (르세라핌),"자신의 욕심을 숨기지 않고 최고를 향해 나아가는 모습을 당당하게 보여주며, 패배를 거부하고 승리를 향해 달려가는 용기를 보여주는 곡"
Pink Venom,BLACKPINK,상대방을 여유롭고 손쉽게 제압하는 내용
새삥 (Prod. ZICO) (Feat. 호미들),지코 (ZICO),가사 속에서 주인공의 자신감 넘치는 패션 센스와 개성이 돋보이는 곡.
눈이 오잖아(Feat.헤이즈),이무진,겨울의 추억을 품은 채 헤어진 연인의 미련과 감정을 그려내는 노래
사건의 지평선,윤하 (YOUNHA),고난과 이별을 겪으면서도 삶의 지평선을 향해 달려가는 용기를 주는 곡.
Step Back,GOT the beat,자신을 지키기 위해 뒤로 한 발 물러서야 하는 강렬한 메시지를 담은 힙합 R&B 곡
Ditto,NewJeans,사랑을 고백하고자 하는 감정을 표현한 곡.
I AM,IVE (아이브),자기 자신을 믿고 나아가는 주체적인 삶의 태도를 담은 곡.
OMG,NewJeans,"자신을 지탱해주는 사람에 대한 감사와 사랑을 표현하며, 그 사람이 자신에겐 특별한 존재임을 강조하는 곡."
Kitsch,IVE (아이브),"강렬한 비트와 반전적인 훅이 인상적이며, 예측 불가능한 요소들이 쾌감을 선사하는 곡"
퀸카 (Queencard),(여자)아이들,외모뿐만 아니라 자신을 사랑하는 모습을 중요시하는 곡
헤어지자 말해요,박재정,"사랑의 끝, 상대방을 먼저 떠나게 하고 싶은 마음. 이별의 아픔을 표현한 노래."
Spicy,aespa,치명적이고 자유분방한 에너지를 전달하는 댄스곡
ANTIFRAGILE,LE SSERAFIM (르세라핌),강인함을 위한 성장의 메시지를 전하는 아프로 라틴 스타일의 팝 곡.
Super Shy,NewJeans,소녀의 마음을 솔직히 표현하는 노래
파이팅 해야지 (Feat. 이영지),부석순 (SEVENTEEN),"우리의 응원단인 부석순이 현대인의 갈증을 표현하며, 우리 모두가 겪는 상황에 대한 긍정적인 메시지를 전하는 곡"
UNFORGIVEN (feat. Nile Rodgers),LE SSERAFIM (르세라핌),"강렬한 힙합과 펑크가 결합된 곡으로, 용서받지 않을 미래를 향해 나아가는 용감한 의지를 담고 있다."
꽃,지수 (JISOO),사랑이 변한 두 사람의 이별을 그리는 곡.
Teddy Bear,STAYC(스테이씨),"실수와 실망, 그리고 끝도 없이 넘쳐나는 정보의 홍수 속에서 그 시절의 순수한 내게 아무 말 없이 곁을 지키며 응원하는 내용"
Seven (feat. Latto) - Clean Ver.,정국,일주일 내내 함께하고 싶다는 열정적인 메시지가 담긴 곡
심(心),DK(디셈버),한때 사랑하던 너를 보내는 아픈 결별의 마음을 담은 곡.
"이브, 프시케 그리고 푸른 수염의 아내",LE SSERAFIM (르세라핌),금기를 소망하는 욕망을 담은 곡.
Candy,NCT DREAM,이별과 사랑 사이에서 갈팡질팡하는 내면을 솔직하게 그리는 곡
ETA,NewJeans, 마치 친구와 대화를 나누는 듯한 곡
손오공,세븐틴 (SEVENTEEN),"용기와 힘을 상징하는 곡으로, 도전과 포기하지 않음의 의지를 전달"
Nxde,(여자)아이들,"외설적 시선에 대해 대범하게 비꼬는 곡으로, 자신의 본 모습을 자랑스럽게 보여주고자 하는 의지가 담겨 있다."
Love Lee,AKMU (악뮤),사랑하는 이를 위해 어떤 어려움도 감수할 수 있는 강인한 결의와 사랑의 감정이 노래 속에서 표현된다.
Monologue,테이,"가사로는 이별 후의 마음을 솔직하게 전하는 곡이며, 진심과 애절함이 묻어나는 곡"
건물 사이에 피어난 장미 (Rose Blossom),H1-KEY (하이키),차가운 도시에서 피어나는 희망과 꿈을 아름답게 표현한 곡이다. 
다시 만날 수 있을까,임영웅,"사랑과 희망을 담은 곡으로, 잃어버린 사랑에 대한 후회와 그리움을 표현"
물론,허각,사소한 일상의 소중함을 노래한 곡.
사랑하지 않아서 그랬어,임한별,"이별의 아픔과 갈등, 상처를 주고 받는 마음이 담겨 있는 발라드"
VIBE (feat. Jimin of BTS),태양, 서로의 관계와 미묘한 감정을 전하는 곡
Shut Down,BLACKPINK,카리스마 넘치는 그들의 음악적 진화를 보여주는 곡
그라데이션,10CM,"밤이 깊어지면서 나의 마음도 더 깊어져가는데, 너를 향한 감정을 표현하는 곡"
후라이의 꿈,AKMU (악뮤),고민 없이 흘러가는 것이 아니라 자신만의 길을 찾아 나아가는 용기를 응원하는 곡
Cupid,FIFTY FIFTY,사랑에 미쳐난 주인공의 속마음을 담은 곡. 사랑에 속아 속상한 일들을 겪으면서도 끝내는 이야기.
